ID,propertyFullAddress,houseAddress,city,state,zip,propertyType,bedrooms,bathrooms,floors,sizeSqft,yearBuilt,redfinLink,zillowLink,createdDate,updatedDate,Owner
d3f12650-6364-4f33-9dee-f2fbf742e158,"40963 177TH Street, Lancaster, CA, 93535",40963 177TH Street,Lancaster,CA,93535,Single Home,4,2,1,1384,1979,https://www.redfin.com/CA/Lancaster/40963-177th-St-E-93535/home/6239968,https://www.zillow.com/homedetails/40963-177th-St-E-Lancaster-CA-93535/20274225_zpid/,6/3/25,6/3/25,03839c70-7508-4e6d-b906-4df699fc5aa1
4af44b45-ad35-4558-b3fa-0b0f3276ec69,"559 Houston Dr, Thousand Oaks, CA, 91360",559 Houston Dr,Thousand Oaks,CA,91360,Single Family,3,2,1,1286,1965,https://www.redfin.com/CA/Thousand-Oaks/559-Houston-Dr-91360/home/4664884,https://www.zillow.com/homedetails/559-Houston-Dr-Thousand-Oaks-CA-91360/16476195_zpid/,6/3/25,6/3/25,03839c70-7508-4e6d-b906-4df699fc5aa1
84c970dd-0acd-4893-b4cc-3c6c12de7ccf,"6160 Whitsett Avenue, North Hollywood, CA, 91606",6160 Whitsett Avenue,North Hollywood,CA,91606,Single Family,3,2,1,1267,1961,,https://www.zillow.com/homes/6160%20Whitsett%20Avenue%20%2310%2C%20North%20Hollywood%2C%20CA%2091606_rb/,6/3/25,6/3/25,03839c70-7508-4e6d-b906-4df699fc5aa1
c127a42c-e7c0-4926-94cf-0ffe965396dc,"14700 Rinaldi St, San Fernando, CA, 91340",14700 Rinaldi St,San Fernando,CA,91340,Single Family,3,1,1,960,1953,,"https://www.zillow.com/homes/14700-Rinaldi-St-San-Fernando,-CA-91340_rb/20112417_zpid/",6/3/25,6/3/25,03839c70-7508-4e6d-b906-4df699fc5aa1
03220002-0daa-4855-9ef1-d3105827ad52,"22621 Berdon St, Woodland Hills, CA, 91367",22621 Berdon St,Woodland Hills,CA,91367,Single Family,3,2,1,1596,1954,https://www.redfin.com/CA/Woodland-Hills/22621-Berdon-St-91367/home/3225595,"https://www.zillow.com/homes/22621-Berdon-St-Woodland-Hills,-CA-91367_rb/19878070_zpid/",6/3/25,6/3/25,03839c70-7508-4e6d-b906-4df699fc5aa1
eef7aa2f-1edb-4d1b-ab62-fc2383ba0635,"6761 Kings Harbor Dr, Rancho Palos Verdes, CA, 90275",6761 Kings Harbor Dr,Rancho Palos Verdes,CA,90275,Single Family,4,4,2,2427,1971,,"https://www.zillow.com/homes/6761-Kings-Harbor-Dr,-Rancho-Palos-Verdes,-CA-90275_rb/21362295_zpid/",6/3/25,6/3/25,03839c70-7508-4e6d-b906-4df699fc5aa1
4629e544-f0bd-4717-9c64-ac3418cfc0bc,"405 Patterson Drive, Monrovia, CA, 91016",405 Patterson Drive,Monrovia,CA,91016,Single Family,3,2,1,1453,1940,,"https://www.zillow.com/homes/405-Patterson-Drive-Monrovia,-California-91016_rb/21585170_zpid/",6/3/25,6/3/25,03839c70-7508-4e6d-b906-4df699fc5aa1
fef52ed2-7ede-4433-adb9-ce28bf8c55c6,"2100 Spaulding Ave, Los Angeles, CA, 90016",2100 Spaulding Ave,Los Angeles,CA,90016,Single Family,2,2,1,1170,1940,https://www.redfin.com/CA/Los-Angeles/2100-S-Spaulding-Ave-90016/home/6901556,https://www.zillow.com/homedetails/2100-S-Spaulding-Ave-Los-Angeles-CA-90016/20597962_zpid/,6/3/25,6/3/25,03839c70-7508-4e6d-b906-4df699fc5aa1
3904b7fb-3f96-4772-859f-751eb5a84acf,"6920 Shoshone Ave, Van Nuys, CA, 91406",6920 Shoshone Ave,Van Nuys,CA,91406,Single Family,3,2,1,2200,1949,,https://www.zillow.com/homes/6920%20Shoshone%20Ave%2C%20Van%20Nuys%2C%20CA%2091406%2C%20USA_rb/,6/3/25,6/3/25,03839c70-7508-4e6d-b906-4df699fc5aa1
6497c6fd-a950-401a-9a78-45a86d3d93db,"1630 Bentley Ave unit 103, Los Angeles, CA, 90025",1630 Bentley Ave unit 103,Los Angeles,CA,90025,Condominium,2,3,1,1548,1981,,"https://www.zillow.com/homes/1630-S-Bentley-Ave-.num.103-Los-Angeles,-CA-90025_rb/20504184_zpid/",6/3/25,6/3/25,03839c70-7508-4e6d-b906-4df699fc5aa1
70bd708b-d4dd-4ca5-9d1d-29c020358838,"4801 Ashbury Ave, Cypress, CA, 90630",4801 Ashbury Ave,Cypress,CA,90630,Single Family,3,2,1,1656,1964,,"https://www.zillow.com/homes/4801-Ashbury-Ave-Cypress,-CA-90630_rb/25327402_zpid/",6/3/25,6/3/25,03839c70-7508-4e6d-b906-4df699fc5aa1
d6b8b8dd-2469-44cf-b686-9634045371ac,"5510 Owensmouth Ave suite 312, Woodland Hills, CA, 91364",5510 Owensmouth Ave suite 312,Woodland Hills,CA,91364,Single Family,2,2,1,1050,1987,,https://www.zillow.com/homes/5510%20Owensmouth%20Ave%20%23%20312%2C%20Woodland%20Hills%2C%20CA%2091364%2C%20USA_rb/,6/3/25,6/3/25,03839c70-7508-4e6d-b906-4df699fc5aa1
87455b4b-b6d2-49eb-9b4f-9bd454055674,"1050 E. Ramon Rd. unit 116, palm springs, CA, 92262",1050 E. Ramon Rd. unit 116,palm springs,CA,92262,Single Family,2,2,1,1152,1979,,https://www.zillow.com/homes/1050%20E.%20Ramon%20Rd.%20unit%20116%2C%20palm%20springs%2C%20CA%2092262%2C%20USA_rb/,6/3/25,6/3/25,03839c70-7508-4e6d-b906-4df699fc5aa1
0a748ab6-dd64-44b8-a22b-d1253cbc9f80,"17524 Napa St, Northridge, CA, 91325",17524 Napa St,Northridge,CA,91325,Single Family,7,7,2,5978,1983,,https://www.zillow.com/homedetails/17524-Napa-St-Northridge-CA-91325/20184695_zpid/,6/3/25,6/3/25,03839c70-7508-4e6d-b906-4df699fc5aa1
241264c7-c8e8-40df-8dba-7bb3c84e61c9,"2409 Century Hill, Los Angeles, CA, 90067",2409 Century Hill,Los Angeles,CA,90067,Condominium,2,3,1,2192,1980,,https://www.zillow.com/homedetails/2409-Century-Hl-Los-Angeles-CA-90067/20510560_zpid/,6/3/25,6/3/25,03839c70-7508-4e6d-b906-4df699fc5aa1
1a265d07-21b8-4234-bfb7-5b33d8e0a881,"28121 Robin Ave, Santa Clarita, CA, 91350",28121 Robin Ave,Santa Clarita,CA,91350,Single Family,2,1,1,799,1976,https://www.redfin.com/CA/Santa-Clarita/28121-Robin-Ave-91350/unit-136/home/5938061,https://www.zillow.com/homedetails/28121-Robin-Ave-Santa-Clarita-CA-91350/20192243_zpid/,6/3/25,6/3/25,03839c70-7508-4e6d-b906-4df699fc5aa1
99837a08-297e-44ac-8a44-0bb42a4756b6,"1902 N Screenland Dr, Burbank, CA, 91505",1902 N Screenland Dr,Burbank,CA,91505,Single Family,2,1,1,857,1939,,https://www.zillow.com/homes/1902%20N%20Screenland%20Dr%2C%20Burbank%2C%20CA%2091505%2C%20USA_rb/,6/3/25,6/3/25,03839c70-7508-4e6d-b906-4df699fc5aa1
e8a562cb-6aba-41a5-a5c0-ddd2c56e533b,"3175 Corpus Christi Ave, Simi Valley, CA 93063",3175 Corpus Christi Ave,Simi Valley,CA,93063,Single Family,3,2,1,1252,1964,,https://www.zillow.com/homedetails/3175-Corpus-Christi-Ave-Simi-Valley-CA-93063/16447456_zpid/,6/3/25,6/3/25,03839c70-7508-4e6d-b906-4df699fc5aa1
a7e79279-c306-4548-8178-75579a40eb22,"3711 Calle Jazmin, Calabasas, CA, 91302",3711 Calle Jazmin,Calabasas,CA,91302,Single Family,3,3,2,1581,1992,https://www.redfin.com/CA/Calabasas/3711-Cll-Jazmin-91302/home/3533495,https://www.zillow.com/homedetails/3711-Calle-Jazmin-Calabasas-CA-91302/19898197_zpid/,6/3/25,6/3/25,03839c70-7508-4e6d-b906-4df699fc5aa1
8bd9ab9f-1796-461a-ab77-8b3a1f118954,"6673 Lederer Ave, west hills, CA, 91307",6673 Lederer Ave,west hills,CA,91307,Single Family,3,2,1,1790,1959,,https://www.zillow.com/homes/6673%20Lederer%20Ave%2C%20west%20hills%2C%20CA%2091307%2C%20USA_rb/,6/3/25,6/3/25,03839c70-7508-4e6d-b906-4df699fc5aa1
401b1c3d-8150-49be-91be-dfd12adf574c,"5334 Lindley Ave suite 314, Encino, CA, 91316",5334 Lindley Ave suite 314,Encino,CA,91316,Condominium,1,1,1,823,1970,,"https://www.zillow.com/homes/5334-Lindley-Ave-.num.314-Encino,-CA-91316_rb/19938376_zpid/",6/3/25,6/3/25,03839c70-7508-4e6d-b906-4df699fc5aa1
8aca96c0-60ca-4ea5-9216-0406fb1b86df,"1170 Valley View Ave, Pasadena, CA, 91107",1170 Valley View Ave,Pasadena,CA,91107,Single Family,3,2,1,1229,1951,,"https://www.zillow.com/homes/1170-Valley-View-Ave-Pasadena,-CA-91107_rb/20880676_zpid/",6/3/25,6/3/25,03839c70-7508-4e6d-b906-4df699fc5aa1
cdcb9f6f-d325-45fb-afd1-7200d9afcadb,"2003 Velez Dr, Rancho Palos Verdes, CA, 90275",2003 Velez Dr,Rancho Palos Verdes,CA,90275,Single Family,4,2,1,2013,1958,https://www.redfin.com/CA/Rancho-Palos-Verdes/2003-Velez-Dr-90275/home/7729600,https://www.zillow.com/homedetails/2003-Velez-Dr-Rancho-Palos-Verdes-CA-90275/21346019_zpid/,6/3/25,6/3/25,03839c70-7508-4e6d-b906-4df699fc5aa1
018cacf1-0817-4745-a38b-9e40ae8da13d,"2251 solano way, Oxnard, CA, 93033",2251 solano way,Oxnard,CA,93033,Single Family,3,2,1,1150,1980,,"https://www.zillow.com/homes/2251-Solano-Way-Oxnard,-CA-93033_rb/16408995_zpid/",6/3/25,6/3/25,03839c70-7508-4e6d-b906-4df699fc5aa1
a47ff87f-6de3-4f20-8fbf-ed3d4765863a,"22000 Collins St suite 4, Woodland Hills, CA, 91364",22000 Collins St suite 4,Woodland Hills,CA,91364,Condominium,3,2.5,2,1502,1980,https://www.redfin.com/CA/Woodland-Hills/22000-Collins-St-91367/unit-4/home/3989111,https://www.zillow.com/homedetails/22000-Collins-St-APT-4-Woodland-Hills-CA-91367/19929054_zpid/?,6/3/25,6/3/25,03839c70-7508-4e6d-b906-4df699fc5aa1
59bced84-ba15-49dc-a072-e9d703a40aed,"15028 Gilmore St, Van Nuys, CA, 91411",15028 Gilmore St,Van Nuys,CA,91411,Single Family,2,1,1,1093,1936,,"https://www.zillow.com/homes/15028-Gilmore-St-Van-Nuys,-CA-91411_rb/19969062_zpid/",6/3/25,6/3/25,03839c70-7508-4e6d-b906-4df699fc5aa1
abffd442-6eb8-4fbe-8c68-4f45da24e06a,"519 Stepney st, Inglewood , CA, 90302",519 Stepney st,Inglewood,CA,90302,Single Family,5,2,1,1728,1921,,https://www.zillow.com/homes/519%20Stepney%20st%2C%20Inglewood%20%2C%20CA%2090302%2C%20USA_rb/,6/3/25,6/3/25,03839c70-7508-4e6d-b906-4df699fc5aa1
afc08118-db7d-4936-81bc-9d6549d78cc2,"20431 Lisa Gail Drive, Saugus, CA, 91350",20431 Lisa Gail Drive,Saugus,CA,91350,Single Family,4,3,2,2240,1986,,https://www.zillow.com/homes/20431%20Lisa%20Gail%20Drive%2C%20Saugus%2C%20CA%2091350%2C%20USA_rb/,6/3/25,6/3/25,03839c70-7508-4e6d-b906-4df699fc5aa1
cb28909a-4a8f-4812-9cda-0bff53341c86,"22328 De Grasse Drive, Calabasas, CA, 91302",22328 De Grasse Drive,Calabasas,CA,91302,Single Family,4,2,2,2290,1964,,https://www.zillow.com/homes/22328%20De%20Grasse%20%20Drive%2C%20Calabasas%2C%20CA%2091302_rb/,6/3/25,6/3/25,03839c70-7508-4e6d-b906-4df699fc5aa1
b53a8feb-6828-4615-b0e4-002cbdabc77c,"12451 Daryl Ave, Granada Hills, CA, 91344",12451 Daryl Ave,Granada Hills,CA,91344,Single Family,4,3,1,2505,1966,,https://www.zillow.com/homes/12451%20Daryl%20Ave%2C%20Granada%20Hills%2C%20CA%2091344%2C%20USA_rb/,6/3/25,6/3/25,03839c70-7508-4e6d-b906-4df699fc5aa1
3ae7f3d6-e467-41d7-9932-dc3b27629a06,"17533 Dearborn St, Northridge, CA, 91325",17533 Dearborn St,Northridge,CA,91325,Single Family,4,2,1,2477,1955,,"https://www.zillow.com/homes/17533-Dearborn-St-Northridge,-CA-91325_rb/20176905_zpid/",6/3/25,6/3/25,03839c70-7508-4e6d-b906-4df699fc5aa1
e94118c2-967c-4a25-9432-fd33b49a2d97,"29220 Deep Shadow Drive, Agoura Hills, CA, 91301",29220 Deep Shadow Drive,Agoura Hills,CA,91301,Single Family,5,3,2,2400,1980,https://www.redfin.com/CA/Agoura-Hills/29220-Deep-Shadow-Dr-91301/home/3350454,https://www.zillow.com/homedetails/29220-Deep-Shadow-Dr-Agoura-Hills-CA-91301/19886826_zpid/,6/3/25,6/3/25,03839c70-7508-4e6d-b906-4df699fc5aa1
823acc84-670f-4e18-9642-c8fd9029d8c1,"695 e colorado blvd, Pasadena, CA, 91101",695 e colorado blvd,Pasadena,CA,91101,Single Family,1,1,1,1000,1953,,https://www.loopnet.com/Listing/695-Colorado-Blvd-Pasadena-CA/25225900/,6/3/25,6/3/25,03839c70-7508-4e6d-b906-4df699fc5aa1
6521a7dc-ec52-4f6e-9b65-2e02d0779687,"54 Barolo, Rancho Mirage, CA, 92270",54 Barolo,Rancho Mirage,CA,92270,Single Family,2,2,1,1200,1900,,https://www.zillow.com/homes/54%20Barolo%2C%20Rancho%20Mirage%2C%20CA%2092270%2C%20USA_rb/,6/3/25,6/3/25,03839c70-7508-4e6d-b906-4df699fc5aa1
3ec7a4f0-9028-4b8d-a239-d462e07dc651,"1023 Via Colinas, Westlake Village, CA, 91362",1023 Via Colinas,Westlake Village,CA,91362,Townhome,3,2.5,2,1435,1940,https://www.redfin.com/CA/Westlake-Village/1023-Via-Colinas-91362/home/4684662,https://www.zillow.com/homedetails/2100-S-Spaulding-Ave-Los-Angeles-CA-90016/20597962_zpid/,6/3/25,6/3/25,03839c70-7508-4e6d-b906-4df699fc5aa1
0f98c63c-f80d-4ecf-81ed-36c308986f35,"7539 Bobbyboyar Ave, West Hills, CA, 91304",7539 Bobbyboyar Ave,West Hills,CA,91304,Single Family,4,3,2,2736,1977,,https://www.zillow.com/homes/7539%20Bobbyboyar%20Ave%2C%20West%20Hills%2C%20CA%2091304%2C%20USA_rb/,6/3/25,6/3/25,03839c70-7508-4e6d-b906-4df699fc5aa1
d292b3d9-6fd4-439e-85aa-e18f3b5a96e3,"2412 Beverwil Dr, Los Angeles, CA, 90034",2412 Beverwil Dr,Los Angeles,CA,90034,Single Family,3,2,1,1644,1948,https://www.redfin.com/CA/Los-Angeles/2412-Beverwil-Dr-90034/home/6791786,https://www.zillow.com/homedetails/2412-Beverwil-Dr-Los-Angeles-CA-90034/20494439_zpid/,6/3/25,6/3/25,03839c70-7508-4e6d-b906-4df699fc5aa1
b25e5862-9d7b-4314-be21-cc397f1a282d,"603 S Mansfield Ave, Los Angeles, CA, 90036",603 S Mansfield Ave,Los Angeles,CA,90036,Single Family,3,2,1,1936,1924,,"https://www.zillow.com/homes/603-S-Mansfield-Ave-Los-Angeles,-CA-90036_rb/20775743_zpid/",6/3/25,6/3/25,03839c70-7508-4e6d-b906-4df699fc5aa1
01d97138-441c-4312-b71d-2f95fa1c23bc,"11945 Vara Pl, Granada Hills, CA, 91344",11945 Vara Pl,Granada Hills,CA,91344,Single Family,5,6,2,4361,1990,,"https://www.zillow.com/homes/11945-Vara-Pl-Granada-Hills,-CA-91344_rb/20104627_zpid/",6/3/25,6/3/25,03839c70-7508-4e6d-b906-4df699fc5aa1
28c4339e-ae5a-4166-8707-4950a8afd612,"13722 Wyandote St, Van Nuys, CA, 91405",13722 Wyandote St,Van Nuys,CA,91405,Single Family,1,1,1,1111,2000,,https://www.zillow.com/homes/13722%20Wyandote%20St%2C%20Van%20Nuys%2C%20CA%2091405%2C%20US_rb/,6/3/25,6/3/25,03839c70-7508-4e6d-b906-4df699fc5aa1
3e2ec06f-bc76-4bf5-b5d4-ffb7290326b7,"10794 Wilkins ave suite 404, Los angeles, CA, 90024",10794 Wilkins ave suite 404, Los angeles,CA,90024,Condominium,2,3,2,1725,1981,https://www.redfin.com/CA/Los-Angeles/10794-Wilkins-Ave-90024/unit-404/home/6803767,"https://www.zillow.com/homes/10794-Wilkins-Ave-.num.404-Los-Angeles,-CA-90024_rb/20505109_zpid/",6/3/25,6/3/25,03839c70-7508-4e6d-b906-4df699fc5aa1
3b4c9fee-1f5c-46fe-b3f2-dd2ca59127fc,"4900 La Crescenta Blvd, La Crescenta, CA, 91214",4900 La Crescenta Blvd,La Crescenta,CA,91214,Single Family,4,3,1,2956,2005,https://www.redfin.com/CA/La-Crescenta-Montrose/4900-La-Crescenta-Ave-91214/home/7242952,https://www.zillow.com/homedetails/4900-La-Crescenta-Ave-La-Crescenta-CA-91214/20899982_zpid/,6/3/25,6/3/25,03839c70-7508-4e6d-b906-4df699fc5aa1
d22c0bd8-e08c-4c75-99ba-2c86d8b243ce,"27543 Berkshire Hills Pl, Valencia, CA, 91354",27543 Berkshire Hills Pl,Valencia,CA,91354,Single Family,5,3,2,2253,1993,,https://www.zillow.com/homes/27543%20Berkshire%20Hills%20Pl%2C%20Valencia%2C%20CA%2091354%2C%20USA_rb/,6/3/25,6/3/25,03839c70-7508-4e6d-b906-4df699fc5aa1
8a44f690-574f-47a5-a7f0-8fa24fac5913,"27152 Barada Ave, Santa Clarita, CA, 91350",27152 Barada Ave,Santa Clarita,CA,91350,Single Family,3,2,1,1188,1964,,"https://www.zillow.com/homes/27152-Barada-Ave-Santa-Clarita,-CA-91350_rb/20191136_zpid/",6/3/25,6/3/25,03839c70-7508-4e6d-b906-4df699fc5aa1
d481d52d-8794-4188-8d91-699689a4f671,"6401 Nohl Ranch Rd suite 78, Anaheim, CA, 92807",6401 Nohl Ranch Rd suite 78,Anaheim,CA,92807,Single Family,4,2.5,1,2145,1976,https://www.redfin.com/CA/Anaheim/6401-Nohl-Ranch-Rd-92807/unit-78/home/4333686,https://www.zillow.com/homedetails/6401-E-Nohl-Ranch-Rd-APT-78-Anaheim-CA-92807/25416615_zpid/,6/3/25,6/3/25,03839c70-7508-4e6d-b906-4df699fc5aa1
210e578d-2ecb-4305-ae8b-2791dd2e3240,"8275 Fernadel Ave, Pico Rivera, CA, 90660",8275 Fernadel Ave,Pico Rivera,CA,90660,Single Family,3,2,1,4997,1950,,https://www.zillow.com/homes/8275%20Fernadel%20Avenue%2C%20Pico%20Rivera%2C%20CA%2C%20USA_rb/,6/3/25,6/3/25,03839c70-7508-4e6d-b906-4df699fc5aa1
507e96db-70b3-45fd-8228-0cc90f86fe6e,"17900 Tuscan Ct, Granada Hills, CA, 91344",17900 Tuscan Ct,Granada Hills,CA,91344,Single Family,4,3,3,2215,1987,,"https://www.zillow.com/homes/17900-Tuscan-Ct,-Granada-Hills,-CA-91344_rb/20104466_zpid/",6/3/25,6/3/25,03839c70-7508-4e6d-b906-4df699fc5aa1
836934b3-537b-4a8e-9de2-1586b7450f6a,"17717 Miranda St, Encino, CA, 91316",17717 Miranda St,Encino,CA,91316,Single Family,3,3,1,1941,1949,,https://www.zillow.com/homes/17717%20Miranda%20St%2C%20Encino%2C%20CA%2091316%2C%20USA_rb/,6/3/25,6/3/25,03839c70-7508-4e6d-b906-4df699fc5aa1
7b44593a-3c58-41ba-98b2-5b35262683cb,"18110 Killion St, Tarzana, CA, 91356",18110 Killion St,Tarzana,CA,91356,Condominium,3,2,2,1463,1964,https://www.redfin.com/CA/Tarzana/18110-Killion-St-91356/unit-10/home/4103309,https://www.zillow.com/homedetails/18110-Killion-St-UNIT-3-Tarzana-CA-91356/19937207_zpid/,6/3/25,6/3/25,03839c70-7508-4e6d-b906-4df699fc5aa1
ecc06738-51a9-4158-8b21-0ca58a3a85ad,"6025 Pat Ave, Woodland Hills, CA, 91367",6025 Pat Ave,Woodland Hills,CA,91367,Single Family,5,3,2,3009,1966,,https://www.zillow.com/homedetails/6025-Pat-Ave-Woodland-Hills-CA-91367/19872853_zpid/,6/3/25,6/3/25,03839c70-7508-4e6d-b906-4df699fc5aa1
cae70e83-f0ac-4471-906f-8fd51349ff33,"3761 Calle Joaquin, Calabasas, CA, 91302",3761 Calle Joaquin,Calabasas,CA,91302,Single Family,3,3,1,1575,1990,,"https://www.zillow.com/homes/3761-Calle-Joaquin--Calabasas-CA,91302_rb/19897078_zpid/",6/3/25,6/3/25,03839c70-7508-4e6d-b906-4df699fc5aa1
cefeeefc-5960-40d0-9f69-2577f225ab23,"22367 Algunas Rd, Woodland Hills, CA, 91364",22367 Algunas Rd,Woodland Hills,CA,91364,Single Family,4,3,1,2392,1963,,https://www.zillow.com/homedetails/22367-Algunas-Rd-Woodland-Hills-CA-91364/19900367_zpid/,6/3/25,6/3/25,03839c70-7508-4e6d-b906-4df699fc5aa1
5e5a2070-e7a4-4569-a50d-64bebd6c196a,"8550 Mipolomol Road, Malibu, CA, 90265",8550 Mipolomol Road,Malibu,CA,90265,Single Family,4,3,2,2352,2014,,https://www.zillow.com/homes/8550%20Mipolomol%20Road%2C%20Malibu%2C%20CA%2090265%2C%20USA%20_rb/,6/3/25,6/3/25,03839c70-7508-4e6d-b906-4df699fc5aa1
6cef1ac8-9ede-4d8b-9bac-1c260a4fbdc7,"517 Sombrero Rd, Monrovia, CA, 91016",517 Sombrero Rd,Monrovia,CA,91016,Single Family,3,2,1,1331,1954,,"https://www.zillow.com/homes/517-Sombrero-Rd-Monrovia,-CA-91016_rb/21586432_zpid/",6/3/25,6/3/25,03839c70-7508-4e6d-b906-4df699fc5aa1
537217d1-9376-479d-aea2-3e0060c5d2b7,"4960 Wiota St, Los Angeles, CA, 90041",4960 Wiota St,Los Angeles,CA,90041,Single Family,4,2,2,1997,1929,,https://www.zillow.com/homedetails/4960-Wiota-St-Los-Angeles-CA-90041/20853071_zpid/,6/3/25,6/3/25,03839c70-7508-4e6d-b906-4df699fc5aa1
b07d4141-d02c-458d-8bf0-110e3f12608e,"6225 Coldwater Canyon Ave, North Hollywood, CA, 91606",6225 Coldwater Canyon Ave,North Hollywood,CA,91606,Condominium,3,2,1,1473,1965,,"https://www.zillow.com/homes/6225-Coldwater-Canyon-Ave-.num.210-North-Hollywood,-CA-91606_rb/20008314_zpid/",6/3/25,6/3/25,03839c70-7508-4e6d-b906-4df699fc5aa1
45ba83fb-e5cd-483e-816e-51219dadef18,"4168 Ish Dr, Simi Valley, CA, 93063",4168 Ish Dr,Simi Valley,CA,93063,Single Family,3,2,1,1141,1963,,https://www.zillow.com/homes/4168%20Ish%20Dr%2C%20Simi%20Valley%2C%20CA%2093063%2C%20USA_rb/,6/3/25,6/3/25,03839c70-7508-4e6d-b906-4df699fc5aa1
16cfa0e9-7f7f-4027-916e-268f759b2aeb,"1518 Grove Pl, Fullerton, CA, 92831",1518 Grove Pl,Fullerton,CA,92831,Single Family,4,3,1,1792,1955,https://www.redfin.com/CA/Fullerton/1518-Grove-Pl-92831/home/3160154,https://www.zillow.com/homedetails/1518-Grove-Pl-Fullerton-CA-92831/25117273_zpid/,6/3/25,6/3/25,03839c70-7508-4e6d-b906-4df699fc5aa1
82e6fad4-803c-49ec-b1ab-577bead30aa9,"18100 Guildford Ln, Northridge, CA, 91326",18100 Guildford Ln,Northridge,CA,91326,Single Family,4,3,2,3232,1986,,https://www.zillow.com/homedetails/18100-Guildford-Ln-Porter-Ranch-CA-91326/20234262_zpid/,6/3/25,6/3/25,03839c70-7508-4e6d-b906-4df699fc5aa1
5fb21376-8824-4bd6-8a93-b80a5ee5b0d3,"14853 Jupiter St, Whittier, CA, 90603",14853 Jupiter St,Whittier,CA,90603,Single Family,4,2,1,1441,1951,,"https://www.zillow.com/homes/14853-Jupiter-St-Whittier,-CA-90603_rb/21432380_zpid/",6/3/25,6/3/25,03839c70-7508-4e6d-b906-4df699fc5aa1
ee6639c6-b119-4166-ad2d-dcbcc3d0aa05,"5301 Balboa Blvd Unit L7, Encino, CA, 91316",5301 Balboa Blvd Unit L7,Encino,CA,91316,Single Family,2,2,1,1415,1965,,https://www.zillow.com/homes/5301%20Balboa%20Blvd%2C%20Unit%20L7%20Encino%2C%20CA%2091316%2C%20USA_rb/,6/3/25,6/3/25,03839c70-7508-4e6d-b906-4df699fc5aa1
28bd9ed7-dbaa-4316-aabd-f127317658f8,"14159 Weddington St, Van Nuys, CA, 91401",14159 Weddington St,Van Nuys,CA,91401,Single Family,3,3,1,2373,1956,,https://www.zillow.com/homedetails/14159-Weddington-St-Van-Nuys-CA-91401/19975315_zpid/,6/3/25,6/3/25,03839c70-7508-4e6d-b906-4df699fc5aa1
05ca7781-357a-441d-aff5-2f57c21e83b5,"12629 Wixom St, North Hollywood, CA, 91605",12629 Wixom St,North Hollywood,CA,91605,Single Family,3,2,1,1226,1964,,https://www.zillow.com/homes/12629%20Wixom%20St%2C%20North%20Hollywood%2C%20CA%2091605%2C%20USA_rb/,6/3/25,6/3/25,03839c70-7508-4e6d-b906-4df699fc5aa1
9344f5a4-06af-42bb-9983-046070350af0,"3562 Alana Dr, Sherman Oaks, CA, 91403",3562 Alana Dr,Sherman Oaks,CA,91403,Single Family,4,4,1,2835,1962,,https://www.zillow.com/homedetails/3562-Alana-Dr-Sherman-Oaks-CA-91403/19990678_zpid/,6/3/25,6/3/25,03839c70-7508-4e6d-b906-4df699fc5aa1
cc00a341-fbf5-4940-8b58-e291351a57cd,"7954 Ledge Ave, Sun Valley, CA, 91352",7954 Ledge Ave,Sun Valley,CA,91352,,,,,,,,,6/4/25,6/4/25,03839c70-7508-4e6d-b906-4df699fc5aa1
0a50c226-c166-4490-b555-6964ca44823c,"24603 Cordera Ct, Santa Clarita, CA, 91355",24603 Cordera Ct,Santa Clarita,CA,91355,,,,,,,,,6/4/25,6/4/25,03839c70-7508-4e6d-b906-4df699fc5aa1
c39f7d04-6f9d-42a0-8b7f-41a7be78f458,"4725 Morella Avenue, Valley Village, CA, 91607",4725 Morella Avenue,Valley Village,CA,91607,,,,,,,,,6/4/25,6/4/25,03839c70-7508-4e6d-b906-4df699fc5aa1
4bea57ee-b633-4919-a10c-0de2c5071886,"9602 Creemore Pl, Tujunga, CA, 91042",9602 Creemore Pl,Tujunga,CA,91042,,,,,,,,,6/4/25,6/4/25,03839c70-7508-4e6d-b906-4df699fc5aa1
15ce8237-3782-4328-ab44-a370fc5b7f79,"237 Vista Royale Cir E, Palm Desert, CA, 92211",237 Vista Royale Cir E,Palm Desert,CA,92211,,,,,,,,,6/4/25,6/4/25,03839c70-7508-4e6d-b906-4df699fc5aa1
10478775-3f31-4135-81d9-b872a2b10aa4,"21626 Agajanian Ln, Santa Clarita, CA, 91350",21626 Agajanian Ln,Santa Clarita,CA,91350,,,,,,,,,6/4/25,6/4/25,03839c70-7508-4e6d-b906-4df699fc5aa1
9b06771f-951e-421d-9f2b-a35cee36ea1b,"29633 Windsong Lane, Agoura, CA, 91301",29633 Windsong Lane,Agoura,CA,91301,,,,,,,,,6/4/25,6/4/25,03839c70-7508-4e6d-b906-4df699fc5aa1
505396a9-43b0-4c47-adf2-d03639747088,"17024 Napa St, Northridge, CA, 91325",17024 Napa St,Northridge,CA,91325,,,,,,,,,6/4/25,6/4/25,03839c70-7508-4e6d-b906-4df699fc5aa1
1d2f46fb-049c-4198-87a5-711bc5fd4d53,"3510 Rubio Crest Dr, Altadena, CA, 91001",3510 Rubio Crest Dr,Altadena,CA,91001,,,,,,,,,6/4/25,6/4/25,03839c70-7508-4e6d-b906-4df699fc5aa1
3e8aea94-83ec-455f-8c88-d33651217cae,"12013 Califa St., Valley Village, CA, 91607",12013 Califa St.,Valley Village,CA,91607,,,,,,,,,6/4/25,6/4/25,03839c70-7508-4e6d-b906-4df699fc5aa1
42bc0a13-af18-4484-946e-7719f0a3001f,"22101 Cairnloch St, Calabasas, CA, 91302",22101 Cairnloch St,Calabasas,CA,91302,,,,,,,,,6/4/25,6/4/25,03839c70-7508-4e6d-b906-4df699fc5aa1
940909ac-478a-40ce-ac41-bf10910bd1a3,"1381 Sunflower Circle, Palm Springs, CA, 92262",1381 Sunflower Circle,Palm Springs,CA,92262,,,,,,,,,6/4/25,6/4/25,03839c70-7508-4e6d-b906-4df699fc5aa1
c30c7691-704d-46be-955c-6fe482bd519d,"6501 Graves Ave, Van Nuys, CA, 91406",6501 Graves Ave,Van Nuys,CA,91406,,,,,,,,,6/4/25,6/4/25,03839c70-7508-4e6d-b906-4df699fc5aa1
16cab7cb-297f-4a80-9046-a678c18baaa0,"5034 Vincent Ave, Eagle Rock, CA, 90041",5034 Vincent Ave,Eagle Rock,CA,90041,,,,,,,,,6/4/25,6/4/25,03839c70-7508-4e6d-b906-4df699fc5aa1
f4104f95-244c-489c-8564-82e8e23217ed,"5803 Bowcroft Street unit 3, Los Angeles, CA, 90016",5803 Bowcroft Street unit 3,Los Angeles,CA,90016,,,,,,,,,6/4/25,6/4/25,03839c70-7508-4e6d-b906-4df699fc5aa1
19423edd-694d-43d9-8ed9-19235dcb6f7b,"24125 Albers Street, Woodland Hills, CA, 91367",24125 Albers Street,Woodland Hills,CA,91367,,,,,,,,,6/4/25,6/4/25,03839c70-7508-4e6d-b906-4df699fc5aa1
71ebe05a-c16a-43e7-83e8-1c9f7c4ddb69,"1848 Stow St, Simi Valley, CA, 93063",1848 Stow St,Simi Valley,CA,93063,,,,,,,,,6/4/25,6/4/25,03839c70-7508-4e6d-b906-4df699fc5aa1
3a980d93-2eb9-423c-a754-d96ce729c2e7,"10381 Lorraine Ln, Cypress, CA, 90630",10381 Lorraine Ln,Cypress,CA,90630,,,,,,,,,6/4/25,6/4/25,03839c70-7508-4e6d-b906-4df699fc5aa1
336d59c5-3314-4f43-be82-5bd4b18b739b,"7226 Newcastle Ave, Reseda, CA, 91335",7226 Newcastle Ave,Reseda,CA,91335,,,,,,,,,6/4/25,6/4/25,03839c70-7508-4e6d-b906-4df699fc5aa1
59c99be2-f233-41f2-b91d-94c5d3ec788a,"152 Maegan Pl, Thousand Oaks, CA, 91362",152 Maegan Pl,Thousand Oaks,CA,91362,,,,,,,,,6/4/25,6/4/25,03839c70-7508-4e6d-b906-4df699fc5aa1
d9265c6f-a9a8-4647-b684-e457a6bd0209,"1186 Forest Ave, Ojai, CA, 93023",1186 Forest Ave,Ojai,CA,93023,,,,,,,,,6/4/25,6/4/25,03839c70-7508-4e6d-b906-4df699fc5aa1
20a8e5f3-7840-46f1-9aa3-d1cda3d4e568,"77670 Los Arboles Dr, La Quinta, CA, 92253",77670 Los Arboles Dr,La Quinta,CA,92253,,,,,,,,,6/4/25,6/4/25,03839c70-7508-4e6d-b906-4df699fc5aa1
0b4218ff-46bd-4c16-8aeb-9962a5cb4949,"123 street, la la land, CA, 91111",123 street,la la land,CA,91111,,,,,,,,,6/4/25,6/4/25,03839c70-7508-4e6d-b906-4df699fc5aa1
d090ebaa-c4e8-48f7-bcee-d9857c0afc5e,"1134 Yukon Dr, Lake Arrowhead, CA, 92352",1134 Yukon Dr,Lake Arrowhead,CA,92352,,,,,,,,,6/4/25,6/4/25,03839c70-7508-4e6d-b906-4df699fc5aa1
5380116b-9934-45a6-a829-2c44f0cd1b5c,"317 S Holt Ave, Los Angeles, CA, 90048",317 S Holt Ave,Los Angeles,CA,90048,,,,,,,,,6/4/25,6/4/25,03839c70-7508-4e6d-b906-4df699fc5aa1
5dfb7568-dce2-4878-b76a-52809a72eb1f,"4702 Fulton Ave. unit 305, Sherman Oaks, CA, 91423",4702 Fulton Ave. unit 305,Sherman Oaks,CA,91423,,,,,,,,,6/4/25,6/4/25,03839c70-7508-4e6d-b906-4df699fc5aa1
fa0b1526-342e-45d1-96bf-f9d543e32297,"24403 Doble Ave, Harbor City, CA, 90710",24403 Doble Ave,Harbor City,CA,90710,,,,,,,,,6/4/25,6/4/25,03839c70-7508-4e6d-b906-4df699fc5aa1
15dc7f81-c5ce-4885-a94a-6e5fc96f401b,"3225 Montrose Ave, Glendale, CA, 91214",3225 Montrose Ave,Glendale,CA,91214,,,,,,,,,6/4/25,6/4/25,03839c70-7508-4e6d-b906-4df699fc5aa1
44da0b45-b0c6-4682-aaec-ad10c9743763,"1630 South Bentley Avenue, Los Angeles, CA, 90025",1630 South Bentley Avenue,Los Angeles,CA,90025,,,,,,,,,6/4/25,6/4/25,03839c70-7508-4e6d-b906-4df699fc5aa1
08b8155c-e92b-4b21-9c20-d073ff9ec6ba,"17815 Silverstream Dr, Santa Clarita, CA, 91387",17815 Silverstream Dr,Santa Clarita,CA,91387,,,,,,,,,6/4/25,6/4/25,03839c70-7508-4e6d-b906-4df699fc5aa1
22dc4979-afe2-491c-99d8-4e2cb532738a,"5642 Murietta Ave, Valley Glen, CA, 91401",5642 Murietta Ave,Valley Glen,CA,91401,,,,,,,,,6/4/25,6/4/25,03839c70-7508-4e6d-b906-4df699fc5aa1
bf151c94-08bc-4c42-8e48-e60316cdd9fd,"17130 Clemons Dr, Encino,  CA, 91346",17130 Clemons Dr,Encino,CA,91346,,,,,,,,,6/4/25,6/4/25,03839c70-7508-4e6d-b906-4df699fc5aa1
49d3d2ff-bbcf-4337-8333-5f317f7cfadf,"11111 Agent Drive, Hwood, CA, 12345",11111 Agent Drive,Hwood,CA,12345,,,,,,,,,6/4/25,6/4/25,03839c70-7508-4e6d-b906-4df699fc5aa1
8921dca5-8980-4d16-b762-11f54e5b6ed7,"51345 Calle Paloma, La Quinta, CA, 92253",51345 Calle Paloma,La Quinta,CA,92253,,,,,,,,,6/4/25,6/4/25,03839c70-7508-4e6d-b906-4df699fc5aa1
238f8fe9-8f13-48aa-a5a9-87ebf1858e56,"4910 Tarzana Woods Dr, Tarzana, CA, 91356",4910 Tarzana Woods Dr,Tarzana,CA,91356,,,,,,,,,6/4/25,6/4/25,03839c70-7508-4e6d-b906-4df699fc5aa1
5ff25637-b289-4c3d-96a5-c26c7d13185f,"37351 Purple Shadow Rd, Palm Desert, CA, 92211",37351 Purple Shadow Rd,Palm Desert,CA,92211,,,,,,,,,6/4/25,6/4/25,03839c70-7508-4e6d-b906-4df699fc5aa1
596043ab-70fd-4d03-b44e-7ae0ad2d00dc,"18760 Malden St, Northridge, CA, 91324",18760 Malden St,Northridge,CA,91324,,,,,,,,,6/4/25,6/4/25,03839c70-7508-4e6d-b906-4df699fc5aa1
72545677-67b6-440c-87d5-612a6ef374d7,"17448 Nordhoff St, Northridge, CA, 91325",17448 Nordhoff St,Northridge,CA,91325,,,,,,,,,6/4/25,6/4/25,03839c70-7508-4e6d-b906-4df699fc5aa1
178befa3-a57b-4a39-b2e9-e7a33d97d9ed,"18837 Hatteras St unit 104, Tarzana, CA, 91356",18837 Hatteras St unit 104,Tarzana,CA,91356,,,,,,,,,6/4/25,6/4/25,03839c70-7508-4e6d-b906-4df699fc5aa1
fd82a8ec-4000-46b8-baf3-5876e617b398,"5949 Amondo Circle, Simi Valley, CA, 93063",5949 Amondo Circle,Simi Valley,CA,93063,,,,,,,,,6/4/25,6/4/25,03839c70-7508-4e6d-b906-4df699fc5aa1
41fa1b43-5e1b-47c7-856c-e5b694d66538,"11242 Kling St, Toluca Lake, CA, 91602",11242 Kling St,Toluca Lake,CA,91602,,,,,,,,,6/4/25,6/4/25,03839c70-7508-4e6d-b906-4df699fc5aa1
8b725e3d-b784-4c0a-a02e-66d3ff1f0ce3,"44120 planet circle, Lancaster, CA, 93536",44120 planet circle,Lancaster,CA,93536,,,,,,,,,6/4/25,6/4/25,03839c70-7508-4e6d-b906-4df699fc5aa1
b1bc660e-6c84-4797-9cf5-cf444eda78a9,"26502 Country Road, Valencia, CA, 91354",26502 Country Road,Valencia,CA,91354,,,,,,,,,6/4/25,6/4/25,03839c70-7508-4e6d-b906-4df699fc5aa1
7f7fb818-2be8-4d53-be46-67f5ca47cdce,"8323 Grenoble St Unit 37, Sunland, CA, 91040",8323 Grenoble St Unit 37,Sunland,CA,91040,,,,,,,,,6/4/25,6/4/25,03839c70-7508-4e6d-b906-4df699fc5aa1
e3368004-13fd-4787-be9b-2208c8fdc484,"27868 Via Sarasate, Mission Viejo, CA, 92692",27868 Via Sarasate,Mission Viejo,CA,92692,,,,,,,,,6/4/25,6/4/25,03839c70-7508-4e6d-b906-4df699fc5aa1
001f9c6d-77b4-467c-bab3-85956e35d92c,"2100 S Spaulding Ave, Los Angeles, CA, 90016",2100 S Spaulding Ave,Los Angeles,CA,90016,,,,,,,,,6/4/25,6/4/25,03839c70-7508-4e6d-b906-4df699fc5aa1
90e9cd55-2542-4ad5-9782-8fe591aef219,"28913 Gladiolus Drive, Santa Clarita, CA, 91387",28913 Gladiolus Drive,Santa Clarita,CA,91387,,,,,,,,,6/4/25,6/4/25,03839c70-7508-4e6d-b906-4df699fc5aa1
3a0a94b2-45cc-4d96-9090-9acac74e8119,"2755 Raymond Ave, Los Angeles, CA, 90007",2755 Raymond Ave,Los Angeles,CA,90007,,,,,,,,,6/4/25,6/4/25,03839c70-7508-4e6d-b906-4df699fc5aa1
7b7ffc83-1394-4c2b-9b69-3c5086d49dad,"255 East Avenida Granada suite 421, Palm Springs, CA, 92264",255 East Avenida Granada suite 421,Palm Springs,CA,92264,,,,,,,,,6/4/25,6/4/25,03839c70-7508-4e6d-b906-4df699fc5aa1
9e28bda8-a794-4f19-a701-078d706bbd71,"11108 Summertime Lane, Culver City , CA, 90230",11108 Summertime Lane,Culver City,CA,90230,,,,,,,,,6/4/25,6/4/25,03839c70-7508-4e6d-b906-4df699fc5aa1
ee3d1723-f7d6-4f6a-abfb-7b7589c3fca4,"1135 chisolm trail, Diamond bar , CA, 91765",1135 chisolm trail,Diamond bar,CA,91765,,,,,,,,,6/4/25,6/4/25,03839c70-7508-4e6d-b906-4df699fc5aa1
edd00cc7-8eec-40fc-8eb9-efafc1be54f0,"3200 Grandeur Ave, Altadena, CA, 91001",3200 Grandeur Ave,Altadena,CA,91001,,,,,,,,,6/4/25,6/4/25,03839c70-7508-4e6d-b906-4df699fc5aa1
67e4273a-49a8-4c19-99d0-0b389af37eca,"23007 Del Valle Street, Woodland Hills, CA, 91364",23007 Del Valle Street,Woodland Hills,CA,91364,,,,,,,,,6/4/25,6/4/25,03839c70-7508-4e6d-b906-4df699fc5aa1
9920f6e6-211a-47c6-a6c1-89ae1623d3ff,"69288 Cascades Ct, Cathedral City, CA, 92234",69288 Cascades Ct,Cathedral City,CA,92234,,,,,,,,,6/4/25,6/4/25,03839c70-7508-4e6d-b906-4df699fc5aa1
ea3e1e73-094b-4b4c-bb30-42aa1959c624,"7832 Louise Avenue , Los Angeles, CA, 91325",7832 Louise Avenue,Los Angeles,CA,91325,,,,,,,,,6/4/25,6/4/25,03839c70-7508-4e6d-b906-4df699fc5aa1
1ad3e337-3a2c-4e32-89a3-cf20fedf50f4,"76933 Calle Mazatlan, La Quinta, CA, 92253",76933 Calle Mazatlan,La Quinta,CA,92253,,,,,,,,,6/4/25,6/4/25,03839c70-7508-4e6d-b906-4df699fc5aa1
2b6a5552-7890-4d24-824c-f88e5951cff1,"12751 Magnolia Blvd, Valley Village, CA, 91607",12751 Magnolia Blvd,Valley Village,CA,91607,,,,,,,,,6/4/25,6/4/25,03839c70-7508-4e6d-b906-4df699fc5aa1
44f4cf49-da8e-4f72-a26e-72caaac5e165,"3524 Community Avenue, Glendale, CA, 91214",3524 Community Avenue,Glendale,CA,91214,,,,,,,,,6/4/25,6/4/25,03839c70-7508-4e6d-b906-4df699fc5aa1
add2dbb9-1d95-4656-ad35-9595fe49150d,"14340 Sequoia Rd, Canyon Country, CA, 91387",14340 Sequoia Rd,Canyon Country,CA,91387,,,,,,,,,6/4/25,6/4/25,03839c70-7508-4e6d-b906-4df699fc5aa1
be088059-09b6-464a-84dd-6a8ff7d5e24b,"3505 Cadillac Ave suite 202, Costa Mesa, CA, 92626",3505 Cadillac Ave suite 202,Costa Mesa,CA,92626,,,,,,,,,6/4/25,6/4/25,03839c70-7508-4e6d-b906-4df699fc5aa1
eed2408b-e0e7-4c5c-8c64-9032f803da84,"46 Vista Encantada, Rancho Mirage, CA, 92270",46 Vista Encantada,Rancho Mirage,CA,92270,,,,,,,,,6/4/25,6/4/25,03839c70-7508-4e6d-b906-4df699fc5aa1
e98acd9d-a837-48a9-a474-18961528457f,"5757 Owensmouth Ave unit 9, Woodland Hills, CA, 91364",5757 Owensmouth Ave unit 9,Woodland Hills,CA,91364,,,,,,,,,6/4/25,6/4/25,03839c70-7508-4e6d-b906-4df699fc5aa1
e8a3e257-0ee0-4803-bc59-f1b1876c7e23,"52198 Avenida Martinez, La Quinta, CA, 92253",52198 Avenida Martinez,La Quinta,CA,92253,,,,,,,,,6/4/25,6/4/25,03839c70-7508-4e6d-b906-4df699fc5aa1
5638af30-c508-466a-b22f-dba5c5858c5f,"1210 North Via Donna, Palm Springs, CA, 92262",1210 North Via Donna,Palm Springs,CA,92262,,,,,,,,,6/4/25,6/4/25,03839c70-7508-4e6d-b906-4df699fc5aa1
d4c89cfc-9af5-4575-bef6-423f4eb215ba,"21925 Altaridge Dr, Topanga , CA, 90290",21925 Altaridge Dr,Topanga,CA,90290,,,,,,,,,6/4/25,6/4/25,03839c70-7508-4e6d-b906-4df699fc5aa1
d8112028-d0fe-4b2a-9f67-14e1d76a669e,"20720 Medley Lane, Topanga, CA, 90290",20720 Medley Lane,Topanga,CA,90290,,,,,,,,,6/4/25,6/4/25,03839c70-7508-4e6d-b906-4df699fc5aa1
2652dcde-0fb0-4765-bebb-f7efa5a0dea2,"3651 Alta Mesa Dr, Studio City, CA, 91604",3651 Alta Mesa Dr,Studio City,CA,91604,,,,,,,,,6/4/25,6/4/25,03839c70-7508-4e6d-b906-4df699fc5aa1
b2e6515f-de41-4bc0-82d1-b1cb909d6338,"4144 Woodman Ave, Sherman Oaks, CA, 91423",4144 Woodman Ave,Sherman Oaks,CA,91423,,,,,,,,,6/4/25,6/4/25,03839c70-7508-4e6d-b906-4df699fc5aa1
5a430759-b784-48b9-b0bb-5c6674fc4332,"463 Desert Falls Drive North, Palm Desert, CA, 92211",463 Desert Falls Drive North,Palm Desert,CA,92211,,,,,,,,,6/4/25,6/4/25,03839c70-7508-4e6d-b906-4df699fc5aa1
360c6032-61c1-4936-9ab1-feb4ac1124e3,"14827 Hartsook St., Sherman oaks, CA, 91403",14827 Hartsook St.,Sherman oaks,CA,91403,,,,,,,,,6/4/25,6/4/25,03839c70-7508-4e6d-b906-4df699fc5aa1
1a2272e8-923f-417f-994a-5d40d61c0a2a,"1610 W Ave L8, Lancaster, CA, 93534",1610 W Ave L8,Lancaster,CA,93534,,,,,,,,,6/4/25,6/4/25,03839c70-7508-4e6d-b906-4df699fc5aa1
4b696083-3de6-43d7-9aec-8f00ed2b20eb,"1519 N Rose St , Burbank, CA, 91505",1519 N Rose St,Burbank,CA,91505,,,,,,,,,6/4/25,6/4/25,03839c70-7508-4e6d-b906-4df699fc5aa1
65d9a90f-849f-42c5-9c07-96a6b63e6c5a,"20225 Keswick St, Winetka, CA, 91306",20225 Keswick St,Winetka,CA,91306,,,,,,,,,6/4/25,6/4/25,03839c70-7508-4e6d-b906-4df699fc5aa1
825d5e81-6fd9-4d79-af7f-e00548254fc6,"11326 Sheldon St, Sun Valley, CA, 91352",11326 Sheldon St,Sun Valley,CA,91352,,,,,,,,,6/4/25,6/4/25,03839c70-7508-4e6d-b906-4df699fc5aa1
567d6656-20da-4895-9d47-7cf6a929845e,"23732 kittridge St, West Hills, CA, 91307",23732 kittridge St,West Hills,CA,91307,,,,,,,,,6/4/25,6/4/25,03839c70-7508-4e6d-b906-4df699fc5aa1
540c3912-72dc-4e18-baab-3dd05c523703,"17148 Lorne Street, Lake Balboa, CA, 91406",17148 Lorne Street,Lake Balboa,CA,91406,,,,,,,,,6/4/25,6/4/25,03839c70-7508-4e6d-b906-4df699fc5aa1
a8a63392-67ba-4a53-92d1-32188b51cb12,"4915 Tyrone Ave, Sherman Oaks, CA, 91423",4915 Tyrone Ave,Sherman Oaks,CA,91423,,,,,,,,,6/4/25,6/4/25,03839c70-7508-4e6d-b906-4df699fc5aa1
ca570901-5b91-4d75-97d8-a37c6b1685f0,"20284 E Arrow Hwy A, Covina , CA, 91724",20284 E Arrow Hwy A,Covina,CA,91724,,,,,,,,,6/4/25,6/4/25,03839c70-7508-4e6d-b906-4df699fc5aa1
85f9571a-459d-48e8-b3aa-7a083c6a6598,"13725 La Maida St, Sherman Oaks, CA, 91423",13725 La Maida St,Sherman Oaks,CA,91423,,,,,,,,,6/4/25,6/4/25,03839c70-7508-4e6d-b906-4df699fc5aa1
e25e45f6-926d-42a9-b948-cf4773317769,"46700 Mountain Cove Drive suite 9, Indian Wells, CA, 92210",46700 Mountain Cove Drive suite 9,Indian Wells,CA,92210,,,,,,,,,6/4/25,6/4/25,03839c70-7508-4e6d-b906-4df699fc5aa1
1ed5fef1-1b9d-4ff0-8397-b3d9ab793b0d,"45155 Desert Air, La Quinta, CA, 92253",45155 Desert Air,La Quinta,CA,92253,,,,,,,,,6/4/25,6/4/25,03839c70-7508-4e6d-b906-4df699fc5aa1
43272c3c-40f3-4e68-9d0c-16bcf0168285,"5132 Tendilla , Woodland Hills, CA, 91364",5132 Tendilla,Woodland Hills,CA,91364,,,,,,,,,6/4/25,6/4/25,03839c70-7508-4e6d-b906-4df699fc5aa1
df82038f-2f97-4271-a61c-4873f53e4a36,"5283 Tendilla Avenue, Woodland Hills, CA, 91364",5283 Tendilla Avenue,Woodland Hills,CA,91364,,,,,,,,,6/4/25,6/4/25,03839c70-7508-4e6d-b906-4df699fc5aa1
a9154996-f9f3-42b8-b8a7-ed3cd1421477,"2065 Tangerine Court, Palm Springs, CA, 92262",2065 Tangerine Court,Palm Springs,CA,92262,,,,,,,,,6/4/25,6/4/25,03839c70-7508-4e6d-b906-4df699fc5aa1
075d8c33-b47b-43cc-a26a-1465bac8cc30,"3015 Division St 108, Glassell Park, CA, 90065",3015 Division St 108,Glassell Park,CA,90065,,,,,,,,,6/4/25,6/4/25,03839c70-7508-4e6d-b906-4df699fc5aa1
fcf8396e-02c4-493b-8990-270048eab62b,"10657 Wheatland Ave, Sunland, CA, 91040",10657 Wheatland Ave,Sunland,CA,91040,,,,,,,,,6/4/25,6/4/25,03839c70-7508-4e6d-b906-4df699fc5aa1
1a01bf1d-8aeb-419f-b712-60e25d2bb430,"4831 Biloxi Avenue , North Hollywood, CA, 91601",4831 Biloxi Avenue,North Hollywood,CA,91601,,,,,,,,,6/4/25,6/4/25,03839c70-7508-4e6d-b906-4df699fc5aa1
ece61dcd-8dcd-4ca4-83c8-c61deb921f59,"25310 Clear View Court, Santa Clarita, CA, 91350",25310 Clear View Court,Santa Clarita,CA,91350,,,,,,,,,6/4/25,6/4/25,03839c70-7508-4e6d-b906-4df699fc5aa1
5bb347fe-dccd-47f8-becb-8b8e03f9426e,"1932 S Durango Ave, Los Angeles, CA, 90034",1932 S Durango Ave,Los Angeles,CA,90034,,,,,,,,,6/4/25,6/4/25,03839c70-7508-4e6d-b906-4df699fc5aa1
ebce40ee-3bbb-4bcf-8c2d-0c45c091c7fe,"1850 Upperton Avenue, Los Angeles, CA, 90042",1850 Upperton Avenue,Los Angeles,CA,90042,,,,,,,,,6/4/25,6/4/25,03839c70-7508-4e6d-b906-4df699fc5aa1
b5f10203-b12f-4ef3-8a88-3f172fe1e2c1,"52190 Desert Spoon Ct, La Quinta, CA, 92253",52190 Desert Spoon Ct,La Quinta,CA,92253,,,,,,,,,6/4/25,6/4/25,03839c70-7508-4e6d-b906-4df699fc5aa1
b075008d-8d23-4c27-83f6-64d12189e885,"6700 Hillpark Dr unit 203, Los Angeles, CA, 90068",6700 Hillpark Dr unit 203,Los Angeles,CA,90068,,,,,,,,,6/4/25,6/4/25,03839c70-7508-4e6d-b906-4df699fc5aa1
6f5616c6-0de4-48de-90d3-5cad6de23050,"10429 Larwin Ave, Chatsworth, CA, 91311",10429 Larwin Ave,Chatsworth,CA,91311,,,,,,,,,6/4/25,6/4/25,03839c70-7508-4e6d-b906-4df699fc5aa1
aeed7ede-7b07-48a1-a0ca-b52c74ccf874,"7626 Graystone , West hills , CA, 91304",7626 Graystone,West hills,CA,91304,,,,,,,,,6/4/25,6/4/25,03839c70-7508-4e6d-b906-4df699fc5aa1
644aec29-634e-4bff-8349-c0cdb2078804,"218 N Catalina St, Burbank, CA, 91505",218 N Catalina St,Burbank,CA,91505,,,,,,,,,6/4/25,6/4/25,03839c70-7508-4e6d-b906-4df699fc5aa1
225338d5-9e78-459b-bb26-4a3989266c2c,"26729 Cardinal Dr. , Santa Clarita, CA, 91387",26729 Cardinal Dr.,Santa Clarita,CA,91387,,,,,,,,,6/4/25,6/4/25,03839c70-7508-4e6d-b906-4df699fc5aa1
9fd7da4b-d6fe-47b1-aecf-671c7648e3f9,"25124 Springfield Ct., Santa Clarita, CA, 91355",25124 Springfield Ct.,Santa Clarita,CA,91355,,,,,,,,,6/4/25,6/4/25,03839c70-7508-4e6d-b906-4df699fc5aa1
76a8bf06-3f9a-4f2a-9f29-3da822c6a927,"5008 Ledge Ave, Burbank, CA, 91505",5008 Ledge Ave,Burbank,CA,91505,,,,,,,,,6/4/25,6/4/25,03839c70-7508-4e6d-b906-4df699fc5aa1
09a811c2-7419-45d6-ba6a-b02c95cedece,"12162 beaufait Avenue, Porter Ranch , CA, 91326",12162 beaufait Avenue,Porter Ranch,CA,91326,,,,,,,,,6/4/25,6/4/25,03839c70-7508-4e6d-b906-4df699fc5aa1
6a6d21c5-092c-4769-97c4-8be9c503cba0,"22732 Mariano Street, Woodland Hills, CA, 91367",22732 Mariano Street,Woodland Hills,CA,91367,,,,,,,,,6/4/25,6/4/25,03839c70-7508-4e6d-b906-4df699fc5aa1
de1dec17-5e50-4619-9fc9-a087f328cab3,"68 Tennis Club Drive, Rancho Mirage, CA, 92270",68 Tennis Club Drive,Rancho Mirage,CA,92270,,,,,,,,,6/4/25,6/4/25,03839c70-7508-4e6d-b906-4df699fc5aa1
46df44f0-930d-4044-8c65-581f5a577773,"5680 Tryon rd , Los Angeles , CA, 90068",5680 Tryon rd,Los Angeles,CA,90068,,,,,,,,,6/4/25,6/4/25,03839c70-7508-4e6d-b906-4df699fc5aa1
748a62e6-452d-4d6a-9040-41461bd165fc,"2753 Angelo Drive, Los Angeles , CA, 90077",2753 Angelo Drive,Los Angeles,CA,90077,,,,,,,,,6/4/25,6/4/25,03839c70-7508-4e6d-b906-4df699fc5aa1
cdc78e5e-d2f2-4709-a3b4-82aeffe4d54d,"22038 Vanowen St 112, Los Angeles,  CA, 91303",22038 Vanowen St 112,Los Angeles,CA,91303,,,,,,,,,6/4/25,6/4/25,03839c70-7508-4e6d-b906-4df699fc5aa1
f6fe9a9a-9b3e-4ebd-a8cd-a24ea43d8635,"1768 e 83rd st , Los Angeles, CA, 90001",1768 e 83rd st,Los Angeles,CA,90001,,,,,,,,,6/4/25,6/4/25,03839c70-7508-4e6d-b906-4df699fc5aa1
2ce275c5-3829-4f2f-93c7-5c53f09c32c5,"3671 Calle Joaquin, Calabasas, CA, 91302",3671 Calle Joaquin,Calabasas,CA,91302,,,,,,,,,6/4/25,6/4/25,03839c70-7508-4e6d-b906-4df699fc5aa1
87aa506d-b134-4846-84f1-e5beeb7b5994,"7112 Costello Ave , Van Nuys, CA, 91405",7112 Costello Ave,Van Nuys,CA,91405,,,,,,,,,6/4/25,6/4/25,03839c70-7508-4e6d-b906-4df699fc5aa1
ddd7d106-dcef-4fc0-b7d9-ecc1ae181bec,"21945 Mikhail Street, Santa Clarita, CA, 91390",21945 Mikhail Street,Santa Clarita,CA,91390,,,,,,,,,6/4/25,6/4/25,03839c70-7508-4e6d-b906-4df699fc5aa1
dd5933e2-f037-4846-9108-28fa2c48804a,"1371 Stone Meadow Dr, Camarillo, CA, 93010",1371 Stone Meadow Dr,Camarillo,CA,93010,,,,,,,,,6/4/25,6/4/25,03839c70-7508-4e6d-b906-4df699fc5aa1
a4146307-d8fc-4ed7-8357-8bebde0d178e,"12541 Daryl Ave, Granada Hills,  CA, 91344","12541 Daryl Ave, Granada Hills",Granada Hills,CA,91344,,,,,,,,,6/4/25,6/4/25,03839c70-7508-4e6d-b906-4df699fc5aa1
28798beb-2a9b-426a-b5bf-7c7348a109e0,"126 Cabernet, Rancho Mirage, CA, 92270",126 Cabernet,Rancho Mirage,CA,92270,,,,,,,,,6/4/25,6/4/25,03839c70-7508-4e6d-b906-4df699fc5aa1
624515f5-d2b5-40e3-9f2a-51c0f08b81bd,"81492 Francis Ave, Indio, CA, 92201",81492 Francis Ave,Indio,CA,92201,,,,,,,,,6/4/25,6/4/25,03839c70-7508-4e6d-b906-4df699fc5aa1
827ff584-3104-4acf-986e-224c028e22e0,"5445 Encino Ave , Encino , CA, 91316",5445 Encino Ave,Encino,CA,91316,,,,,,,,,6/4/25,6/4/25,03839c70-7508-4e6d-b906-4df699fc5aa1
65981b14-dcd2-4696-adf7-4732c1a6e233,"1158 Wesley Avenue , Pasadena , CA, 91104",1158 Wesley Avenue,Pasadena,CA,91104,,,,,,,,,6/4/25,6/4/25,03839c70-7508-4e6d-b906-4df699fc5aa1
f0cee38f-3b67-4da8-8ee3-473ba44d64b6,"2625 North Main Street, Lincoln Heights, CA, 90031",2625 North Main Street,Lincoln Heights,CA,90031,,,,,,,,,6/4/25,6/4/25,03839c70-7508-4e6d-b906-4df699fc5aa1
bd63e8db-62fb-411a-b18d-6fd81795dce5,"7650 Minstrel Ave, West Hills, CA, 91304",7650 Minstrel Ave,West Hills,CA,91304,,,,,,,,,6/4/25,6/4/25,03839c70-7508-4e6d-b906-4df699fc5aa1
cd769f29-5f06-4da9-91d0-4b3dda565419,"7763 McLaren Ave., West Hills, CA, 91304",7763 McLaren Ave.,West Hills,CA,91304,,,,,,,,,6/4/25,6/4/25,03839c70-7508-4e6d-b906-4df699fc5aa1
fd453fdb-3fa8-493b-87d0-e1c9b2912e97,"6112 W 77th St, Los Angeles, CA, 90045",6112 W 77th St,Los Angeles,CA,90045,,,,,,,,,6/4/25,6/4/25,03839c70-7508-4e6d-b906-4df699fc5aa1
a2ef8b4f-35c4-42e1-8904-edf10a1f1f12,"24647 Gardenstone Ln, West Hills, CA, 91307",24647 Gardenstone Ln,West Hills,CA,91307,,,,,,,,,6/4/25,6/4/25,03839c70-7508-4e6d-b906-4df699fc5aa1
d8486895-8b0c-425b-a350-406e58789853,"13629 Wingo Street, Arleta, CA, 91331",13629 Wingo Street,Arleta,CA,91331,,,,,,,,,6/4/25,6/4/25,03839c70-7508-4e6d-b906-4df699fc5aa1
b12c7832-1275-4dc6-98bb-eaae191a74a5,"21173 San Miguel St, Woodland Hills, CA, 91364",21173 San Miguel St,Woodland Hills,CA,91364,,,,,,,,,6/4/25,6/4/25,03839c70-7508-4e6d-b906-4df699fc5aa1
26d3605e-ae91-4d7f-9d43-5739b6e6adcb,"3 Beach Dunes, Rancho Mirage, CA, 92270",3 Beach Dunes,Rancho Mirage,CA,92270,,,,,,,,,6/4/25,6/4/25,03839c70-7508-4e6d-b906-4df699fc5aa1
bac42007-3c76-4064-b65a-a48d582d1a1f,"5311 Woodlake Ave, Woodland Hills, CA, 91367",5311 Woodlake Ave,Woodland Hills,CA,91367,,,,,,,,,6/4/25,6/4/25,03839c70-7508-4e6d-b906-4df699fc5aa1
aebe4daf-7d2b-4682-9f3b-628901f56341,"19224 Aetna St, Tarzana, CA, 91356",19224 Aetna St,Tarzana,CA,91356,,,,,,,,,6/4/25,6/4/25,03839c70-7508-4e6d-b906-4df699fc5aa1
c895a52f-1981-4eab-a26c-1d622c3ef4be,"519 Stephaney St, Inglewood , CA, 90302",519 Stephaney St,Inglewood,CA,90302,,,,,,,,,6/4/25,6/4/25,03839c70-7508-4e6d-b906-4df699fc5aa1
6d76503e-0678-4fb4-9438-524928a43862,"20235 Keswick St 203, Winnetka, CA, 91306",20235 Keswick St 203,Winnetka,CA,91306,,,,,,,,,6/4/25,6/4/25,03839c70-7508-4e6d-b906-4df699fc5aa1
c2c52112-d1bd-4973-85c7-c3a93ad5a789,"952 E 116th St, Los Angeles, CA, 90059",952 E 116th St,Los Angeles,CA,90059,,,,,,,,,6/4/25,6/4/25,03839c70-7508-4e6d-b906-4df699fc5aa1
32d8db02-4ebb-460a-bf28-362215973cb4,"103 Ravenna Drive Unit 1, Long Beach, CA, 90803",103 Ravenna Drive Unit 1,Long Beach,CA,90803,,,,,,,,,6/4/25,6/4/25,03839c70-7508-4e6d-b906-4df699fc5aa1
4f25c3c5-831a-40d9-83b4-9eadc304faf2,"242 Via San Lucia , Rancho Mirage , CA, 92270",242 Via San Lucia,Rancho Mirage,CA,92270,,,,,,,,,6/4/25,6/4/25,03839c70-7508-4e6d-b906-4df699fc5aa1
b128819f-a801-4b16-aef5-34464466b998,"Vacant Land APN 3242-013-001, Lake Hughes, CA, 93532",Vacant Land APN 3242-013-001,Lake Hughes,CA,93532,,,,,,,,,6/4/25,6/4/25,03839c70-7508-4e6d-b906-4df699fc5aa1
506f5398-4adc-4232-b704-59d21ed4131e,"14673 Limedale St , Panorama City, CA, 91402",14673 Limedale St,Panorama City,CA,91402,,,,,,,,,6/4/25,6/4/25,03839c70-7508-4e6d-b906-4df699fc5aa1
3b76f5e6-56e7-4b28-9e33-897b04f542c0,"24306 Abbeywood Dr, West Hills, CA, 91307",24306 Abbeywood Dr,West Hills,CA,91307,,,,,,,,,6/4/25,6/4/25,03839c70-7508-4e6d-b906-4df699fc5aa1
f63691fe-d7da-4018-87fa-aca5887d07b7,"17661 Orna Drive, Granada Hills, CA, 91344",17661 Orna Drive,Granada Hills,CA,91344,,,,,,,,,6/4/25,6/4/25,03839c70-7508-4e6d-b906-4df699fc5aa1
28742c58-caaf-4637-8c28-ee004cf5b255,"78698 Falsetto Dr, Palm Desert, CA, 92211",78698 Falsetto Dr,Palm Desert,CA,92211,,,,,,,,,6/4/25,6/4/25,03839c70-7508-4e6d-b906-4df699fc5aa1
8ee2c7ba-d8cb-41bc-b817-7098af34c81f,"1800 N Raymond Ave, Pasadena, CA, 91103",1800 N Raymond Ave,Pasadena,CA,91103,,,,,,,,,6/4/25,6/4/25,03839c70-7508-4e6d-b906-4df699fc5aa1